{
  "topicInfo": {
    "0.0.5966032": {
      "hasSubmitKey": false,
      "hasAdminKey": true,
      "memo": "hcs-10:0:60:0:0.0.5966030",
      "raw": {
        "topicId": {
          "shard": {
            "low": 0,
            "high": 0,
            "unsigned": false
          },
          "realm": {
            "low": 0,
            "high": 0,
            "unsigned": false
          },
          "num": {
            "low": 5966032,
            "high": 0,
            "unsigned": false
          },
          "_checksum": null
        },
        "topicMemo": "hcs-10:0:60:0:0.0.5966030",
        "runningHash": {
          "type": "Buffer",
          "data": [
            31,
            22,
            57,
            254,
            48,
            224,
            163,
            250,
            6,
            168,
            68,
            119,
            215,
            249,
            47,
            64,
            0,
            39,
            133,
            175,
            196,
            149,
            12,
            225,
            35,
            171,
            195,
            77,
            160,
            18,
            6,
            97,
            184,
            243,
            10,
            61,
            26,
            117,
            189,
            34,
            39,
            90,
            185,
            130,
            1,
            123,
            185,
            179
          ]
        },
        "sequenceNumber": {
          "low": 849,
          "high": 0,
          "unsigned": true
        },
        "expirationTime": {
          "seconds": {
            "low": 1754442020,
            "high": 0,
            "unsigned": false
          },
          "nanos": {
            "low": 0,
            "high": 0,
            "unsigned": false
          }
        },
        "adminKey": {
          "_key": {
            "_key": {
              "_keyData": {
                "type": "Buffer",
                "data": [
                  72,
                  110,
                  156,
                  40,
                  138,
                  85,
                  215,
                  213,
                  248,
                  47,
                  201,
                  77,
                  163,
                  54,
                  184,
                  250,
                  139,
                  223,
                  231,
                  134,
                  89,
                  199,
                  46,
                  191,
                  22,
                  65,
                  55,
                  238,
                  160,
                  21,
                  226,
                  120
                ]
              }
            }
          }
        },
        "submitKey": null,
        "feeScheduleKey": null,
        "feeExemptKeys": [],
        "autoRenewPeriod": {
          "seconds": {
            "low": 7776000,
            "high": 0,
            "unsigned": false
          }
        },
        "autoRenewAccountId": {
          "shard": {
            "low": 0,
            "high": 0,
            "unsigned": false
          },
          "realm": {
            "low": 0,
            "high": 0,
            "unsigned": false
          },
          "num": {
            "low": 5966030,
            "high": 0,
            "unsigned": false
          },
          "aliasKey": null,
          "evmAddress": null,
          "_checksum": null
        },
        "customFees": [],
        "ledgerId": {
          "_ledgerId": {
            "type": "Buffer",
            "data": [
              1
            ]
          }
        }
      }
    },
    "0.0.5966031": {
      "hasSubmitKey": true,
      "hasAdminKey": true,
      "memo": "hcs-10:0:60:1",
      "raw": {
        "topicId": {
          "shard": {
            "low": 0,
            "high": 0,
            "unsigned": false
          },
          "realm": {
            "low": 0,
            "high": 0,
            "unsigned": false
          },
          "num": {
            "low": 5966031,
            "high": 0,
            "unsigned": false
          },
          "_checksum": null
        },
        "topicMemo": "hcs-10:0:60:1",
        "runningHash": {
          "type": "Buffer",
          "data": [
            0,
            0,
            0,
            0,
            0,
            0,
            0,
            0,
            0,
            0,
            0,
            0,
            0,
            0,
            0,
            0,
            0,
            0,
            0,
            0,
            0,
            0,
            0,
            0,
            0,
            0,
            0,
            0,
            0,
            0,
            0,
            0,
            0,
            0,
            0,
            0,
            0,
            0,
            0,
            0,
            0,
            0,
            0,
            0,
            0,
            0,
            0,
            0
          ]
        },
        "sequenceNumber": {
          "low": 0,
          "high": 0,
          "unsigned": true
        },
        "expirationTime": {
          "seconds": {
            "low": 1754442018,
            "high": 0,
            "unsigned": false
          },
          "nanos": {
            "low": 0,
            "high": 0,
            "unsigned": false
          }
        },
        "adminKey": {
          "_key": {
            "_key": {
              "_keyData": {
                "type": "Buffer",
                "data": [
                  72,
                  110,
                  156,
                  40,
                  138,
                  85,
                  215,
                  213,
                  248,
                  47,
                  201,
                  77,
                  163,
                  54,
                  184,
                  250,
                  139,
                  223,
                  231,
                  134,
                  89,
                  199,
                  46,
                  191,
                  22,
                  65,
                  55,
                  238,
                  160,
                  21,
                  226,
                  120
                ]
              }
            }
          }
        },
        "submitKey": {
          "_key": {
            "_key": {
              "_keyData": {
                "type": "Buffer",
                "data": [
                  72,
                  110,
                  156,
                  40,
                  138,
                  85,
                  215,
                  213,
                  248,
                  47,
                  201,
                  77,
                  163,
                  54,
                  184,
                  250,
                  139,
                  223,
                  231,
                  134,
                  89,
                  199,
                  46,
                  191,
                  22,
                  65,
                  55,
                  238,
                  160,
                  21,
                  226,
                  120
                ]
              }
            }
          }
        },
        "feeScheduleKey": null,
        "feeExemptKeys": [],
        "autoRenewPeriod": {
          "seconds": {
            "low": 7776000,
            "high": 0,
            "unsigned": false
          }
        },
        "autoRenewAccountId": {
          "shard": {
            "low": 0,
            "high": 0,
            "unsigned": false
          },
          "realm": {
            "low": 0,
            "high": 0,
            "unsigned": false
          },
          "num": {
            "low": 5966030,
            "high": 0,
            "unsigned": false
          },
          "aliasKey": null,
          "evmAddress": null,